﻿<?xml version="1.0" encoding="utf-8"?>
<!--DO NOT EDIT. This document is generated by PSoC Creator design builds.-->
<PSoCCreatorIdeExport Version="1">
  <Device Part="CY8C6347BZI-BLD53" Processor="CortexM0p" DeviceID="E2072100" />
  <Toolchains>
    <Toolchain Name="ARM GCC Generic" Selected="True">
      <Tool Name="prebuild" Command="" Options="" />
      <Tool Name="assembler" Command="arm-none-eabi-as.exe" Options="-mcpu=cortex-m0plus -mthumb -I. -IGenerated_Source\PSoC6 -IGenerated_Source\PSoC6\pdl\cmsis/include/ -IGenerated_Source\PSoC6\pdl\devices/psoc6/include/ -IGenerated_Source\PSoC6\pdl\devices/psoc6/include/ip/ -IGenerated_Source\PSoC6\pdl\drivers/peripheral/ -IGenerated_Source\PSoC6\pdl\drivers/peripheral/device/ -IGenerated_Source\PSoC6\pdl\drivers/peripheral/efuse/ -IGenerated_Source\PSoC6\pdl\drivers/peripheral/flash/ -IGenerated_Source\PSoC6\pdl\drivers/peripheral/gpio/ -IGenerated_Source\PSoC6\pdl\drivers/peripheral/ipc/ -IGenerated_Source\PSoC6\pdl\drivers/peripheral/lvd/ -IGenerated_Source\PSoC6\pdl\drivers/peripheral/profile/ -IGenerated_Source\PSoC6\pdl\drivers/peripheral/prot/ -IGenerated_Source\PSoC6\pdl\drivers/peripheral/sysanalog/ -IGenerated_Source\PSoC6\pdl\drivers/peripheral/sysclk/ -IGenerated_Source\PSoC6\pdl\drivers/peripheral/sysint/ -IGenerated_Source\PSoC6\pdl\drivers/peripheral/syslib/ -IGenerated_Source\PSoC6\pdl\drivers/peripheral/syspm/ -IGenerated_Source\PSoC6\pdl\drivers/peripheral/systick/ -IGenerated_Source\PSoC6\pdl\drivers/peripheral/trigmux/ -IGenerated_Source\PSoC6\pdl\drivers/peripheral/wdt/ -IGenerated_Source\PSoC6\pdl\middleware/ -IGenerated_Source\PSoC6\pdl\middleware/emWin/code/drivers/FlexColor/ -IGenerated_Source\PSoC6\pdl\middleware/emWin/code/include/ -IGenerated_Source\PSoC6\pdl\middleware/emWin/code/include/nosnts_softfp/ -alh=${OutputDir}/${CompileFile}.lst -g -W" />
      <Tool Name="compiler" Command="arm-none-eabi-gcc.exe" Options="-mcpu=cortex-m0plus -mthumb -I. -IGenerated_Source\PSoC6 -IGenerated_Source\PSoC6\pdl\cmsis/include/ -IGenerated_Source\PSoC6\pdl\devices/psoc6/include/ -IGenerated_Source\PSoC6\pdl\devices/psoc6/include/ip/ -IGenerated_Source\PSoC6\pdl\drivers/peripheral/ -IGenerated_Source\PSoC6\pdl\drivers/peripheral/device/ -IGenerated_Source\PSoC6\pdl\drivers/peripheral/efuse/ -IGenerated_Source\PSoC6\pdl\drivers/peripheral/flash/ -IGenerated_Source\PSoC6\pdl\drivers/peripheral/gpio/ -IGenerated_Source\PSoC6\pdl\drivers/peripheral/ipc/ -IGenerated_Source\PSoC6\pdl\drivers/peripheral/lvd/ -IGenerated_Source\PSoC6\pdl\drivers/peripheral/profile/ -IGenerated_Source\PSoC6\pdl\drivers/peripheral/prot/ -IGenerated_Source\PSoC6\pdl\drivers/peripheral/sysanalog/ -IGenerated_Source\PSoC6\pdl\drivers/peripheral/sysclk/ -IGenerated_Source\PSoC6\pdl\drivers/peripheral/sysint/ -IGenerated_Source\PSoC6\pdl\drivers/peripheral/syslib/ -IGenerated_Source\PSoC6\pdl\drivers/peripheral/syspm/ -IGenerated_Source\PSoC6\pdl\drivers/peripheral/systick/ -IGenerated_Source\PSoC6\pdl\drivers/peripheral/trigmux/ -IGenerated_Source\PSoC6\pdl\drivers/peripheral/wdt/ -IGenerated_Source\PSoC6\pdl\middleware/ -IGenerated_Source\PSoC6\pdl\middleware/emWin/code/drivers/FlexColor/ -IGenerated_Source\PSoC6\pdl\middleware/emWin/code/include/ -IGenerated_Source\PSoC6\pdl\middleware/emWin/code/include/nosnts_softfp/ -Wa,-alh=${OutputDir}/${CompileFile}.lst -g -D DEBUG -D CY_CORE_ID=0 -D CY_PSOC_CREATOR_USED=1 -D CY8C6347BZI_BLD53 -Wall -ffunction-sections -ffat-lto-objects -Og" />
      <Tool Name="linker" Command="arm-none-eabi-gcc.exe" Options="-mcpu=cortex-m0plus -mthumb -L Generated_Source\PSoC6 -Wl,-Map,${OutputDir}/${ProjectShortName}.map -T cy8c6xx7_cm0plus.ld -specs=nano.specs -Wl,--gc-sections -g -ffunction-sections -Og -ffat-lto-objects" />
      <Tool Name="postbuild" Command="" Options="" />
    </Toolchain>
    <Toolchain Name="ARM MDK Generic" Selected="False">
      <Tool Name="prebuild" Command="" Options="" />
      <Tool Name="assembler" Command="armasm.exe" Options="--cpu=Cortex-M0plus --diag_style=gnu --thumb -i. -iGenerated_Source\PSoC6 -iGenerated_Source\PSoC6\pdl\cmsis/include/ -iGenerated_Source\PSoC6\pdl\devices/psoc6/include/ -iGenerated_Source\PSoC6\pdl\devices/psoc6/include/ip/ -iGenerated_Source\PSoC6\pdl\drivers/peripheral/ -iGenerated_Source\PSoC6\pdl\drivers/peripheral/device/ -iGenerated_Source\PSoC6\pdl\drivers/peripheral/efuse/ -iGenerated_Source\PSoC6\pdl\drivers/peripheral/flash/ -iGenerated_Source\PSoC6\pdl\drivers/peripheral/gpio/ -iGenerated_Source\PSoC6\pdl\drivers/peripheral/ipc/ -iGenerated_Source\PSoC6\pdl\drivers/peripheral/lvd/ -iGenerated_Source\PSoC6\pdl\drivers/peripheral/profile/ -iGenerated_Source\PSoC6\pdl\drivers/peripheral/prot/ -iGenerated_Source\PSoC6\pdl\drivers/peripheral/sysanalog/ -iGenerated_Source\PSoC6\pdl\drivers/peripheral/sysclk/ -iGenerated_Source\PSoC6\pdl\drivers/peripheral/sysint/ -iGenerated_Source\PSoC6\pdl\drivers/peripheral/syslib/ -iGenerated_Source\PSoC6\pdl\drivers/peripheral/syspm/ -iGenerated_Source\PSoC6\pdl\drivers/peripheral/systick/ -iGenerated_Source\PSoC6\pdl\drivers/peripheral/trigmux/ -iGenerated_Source\PSoC6\pdl\drivers/peripheral/wdt/ -iGenerated_Source\PSoC6\pdl\middleware/ -iGenerated_Source\PSoC6\pdl\middleware/emWin/code/drivers/FlexColor/ -iGenerated_Source\PSoC6\pdl\middleware/emWin/code/include/ -iGenerated_Source\PSoC6\pdl\middleware/emWin/code/include/nosnts_softfp/ -g --list=${OutputDir}/${CompileFile}.lst &quot;--predefine=__MICROLIB SETA 1&quot;" />
      <Tool Name="compiler" Command="armcc.exe" Options="--cpu=Cortex-M0plus --C99 --diag_style=gnu -I. -IGenerated_Source\PSoC6 -IGenerated_Source\PSoC6\pdl\cmsis/include/ -IGenerated_Source\PSoC6\pdl\devices/psoc6/include/ -IGenerated_Source\PSoC6\pdl\devices/psoc6/include/ip/ -IGenerated_Source\PSoC6\pdl\drivers/peripheral/ -IGenerated_Source\PSoC6\pdl\drivers/peripheral/device/ -IGenerated_Source\PSoC6\pdl\drivers/peripheral/efuse/ -IGenerated_Source\PSoC6\pdl\drivers/peripheral/flash/ -IGenerated_Source\PSoC6\pdl\drivers/peripheral/gpio/ -IGenerated_Source\PSoC6\pdl\drivers/peripheral/ipc/ -IGenerated_Source\PSoC6\pdl\drivers/peripheral/lvd/ -IGenerated_Source\PSoC6\pdl\drivers/peripheral/profile/ -IGenerated_Source\PSoC6\pdl\drivers/peripheral/prot/ -IGenerated_Source\PSoC6\pdl\drivers/peripheral/sysanalog/ -IGenerated_Source\PSoC6\pdl\drivers/peripheral/sysclk/ -IGenerated_Source\PSoC6\pdl\drivers/peripheral/sysint/ -IGenerated_Source\PSoC6\pdl\drivers/peripheral/syslib/ -IGenerated_Source\PSoC6\pdl\drivers/peripheral/syspm/ -IGenerated_Source\PSoC6\pdl\drivers/peripheral/systick/ -IGenerated_Source\PSoC6\pdl\drivers/peripheral/trigmux/ -IGenerated_Source\PSoC6\pdl\drivers/peripheral/wdt/ -IGenerated_Source\PSoC6\pdl\middleware/ -IGenerated_Source\PSoC6\pdl\middleware/emWin/code/drivers/FlexColor/ -IGenerated_Source\PSoC6\pdl\middleware/emWin/code/include/ -IGenerated_Source\PSoC6\pdl\middleware/emWin/code/include/nosnts_softfp/ --list --signed_chars -g -D DEBUG -D CY_CORE_ID=0 -D CY_PSOC_CREATOR_USED=1 -D CY8C6347BZI_BLD53 -O0 --split_sections -D__MICROLIB" />
      <Tool Name="linker" Command="armlink.exe" Options="--cpu=Cortex-M0plus --diag_style=gnu --no_startup --library_type=microlib --map --list ${OutputDir}/${ProjectShortName}.map --scatter cy8c6xx7_cm0plus.scat" />
      <Tool Name="postbuild" Command="" Options="" />
    </Toolchain>
    <Toolchain Name="ARM IAR Generic" Selected="False">
      <Tool Name="prebuild" Command="" Options="" />
      <Tool Name="assembler" Command="iasmarm.exe" Options="--cpu Cortex-M0+ -I. -IGenerated_Source\PSoC6 -IGenerated_Source\PSoC6\pdl\cmsis/include/ -IGenerated_Source\PSoC6\pdl\devices/psoc6/include/ -IGenerated_Source\PSoC6\pdl\devices/psoc6/include/ip/ -IGenerated_Source\PSoC6\pdl\drivers/peripheral/ -IGenerated_Source\PSoC6\pdl\drivers/peripheral/device/ -IGenerated_Source\PSoC6\pdl\drivers/peripheral/efuse/ -IGenerated_Source\PSoC6\pdl\drivers/peripheral/flash/ -IGenerated_Source\PSoC6\pdl\drivers/peripheral/gpio/ -IGenerated_Source\PSoC6\pdl\drivers/peripheral/ipc/ -IGenerated_Source\PSoC6\pdl\drivers/peripheral/lvd/ -IGenerated_Source\PSoC6\pdl\drivers/peripheral/profile/ -IGenerated_Source\PSoC6\pdl\drivers/peripheral/prot/ -IGenerated_Source\PSoC6\pdl\drivers/peripheral/sysanalog/ -IGenerated_Source\PSoC6\pdl\drivers/peripheral/sysclk/ -IGenerated_Source\PSoC6\pdl\drivers/peripheral/sysint/ -IGenerated_Source\PSoC6\pdl\drivers/peripheral/syslib/ -IGenerated_Source\PSoC6\pdl\drivers/peripheral/syspm/ -IGenerated_Source\PSoC6\pdl\drivers/peripheral/systick/ -IGenerated_Source\PSoC6\pdl\drivers/peripheral/trigmux/ -IGenerated_Source\PSoC6\pdl\drivers/peripheral/wdt/ -IGenerated_Source\PSoC6\pdl\middleware/ -IGenerated_Source\PSoC6\pdl\middleware/emWin/code/drivers/FlexColor/ -IGenerated_Source\PSoC6\pdl\middleware/emWin/code/include/ -IGenerated_Source\PSoC6\pdl\middleware/emWin/code/include/nosnts_softfp/ -s+ -M&lt;&gt; -w+ -r -DDEBUG --fpu None" />
      <Tool Name="compiler" Command="iccarm.exe" Options="--cpu Cortex-M0+ -D CY_PSOC_CREATOR_USED=1 -D CY8C6347BZI_BLD53 -I. -IGenerated_Source\PSoC6 -IGenerated_Source\PSoC6\pdl\cmsis/include/ -IGenerated_Source\PSoC6\pdl\devices/psoc6/include/ -IGenerated_Source\PSoC6\pdl\devices/psoc6/include/ip/ -IGenerated_Source\PSoC6\pdl\drivers/peripheral/ -IGenerated_Source\PSoC6\pdl\drivers/peripheral/device/ -IGenerated_Source\PSoC6\pdl\drivers/peripheral/efuse/ -IGenerated_Source\PSoC6\pdl\drivers/peripheral/flash/ -IGenerated_Source\PSoC6\pdl\drivers/peripheral/gpio/ -IGenerated_Source\PSoC6\pdl\drivers/peripheral/ipc/ -IGenerated_Source\PSoC6\pdl\drivers/peripheral/lvd/ -IGenerated_Source\PSoC6\pdl\drivers/peripheral/profile/ -IGenerated_Source\PSoC6\pdl\drivers/peripheral/prot/ -IGenerated_Source\PSoC6\pdl\drivers/peripheral/sysanalog/ -IGenerated_Source\PSoC6\pdl\drivers/peripheral/sysclk/ -IGenerated_Source\PSoC6\pdl\drivers/peripheral/sysint/ -IGenerated_Source\PSoC6\pdl\drivers/peripheral/syslib/ -IGenerated_Source\PSoC6\pdl\drivers/peripheral/syspm/ -IGenerated_Source\PSoC6\pdl\drivers/peripheral/systick/ -IGenerated_Source\PSoC6\pdl\drivers/peripheral/trigmux/ -IGenerated_Source\PSoC6\pdl\drivers/peripheral/wdt/ -IGenerated_Source\PSoC6\pdl\middleware/ -IGenerated_Source\PSoC6\pdl\middleware/emWin/code/drivers/FlexColor/ -IGenerated_Source\PSoC6\pdl\middleware/emWin/code/include/ -IGenerated_Source\PSoC6\pdl\middleware/emWin/code/include/nosnts_softfp/ -D DEBUG -D CY_CORE_ID=0 -I. -IGenerated_Source\PSoC6 -IGenerated_Source\PSoC6\pdl\cmsis/include/ -IGenerated_Source\PSoC6\pdl\devices/psoc6/include/ -IGenerated_Source\PSoC6\pdl\devices/psoc6/include/ip/ -IGenerated_Source\PSoC6\pdl\drivers/peripheral/ -IGenerated_Source\PSoC6\pdl\drivers/peripheral/device/ -IGenerated_Source\PSoC6\pdl\drivers/peripheral/efuse/ -IGenerated_Source\PSoC6\pdl\drivers/peripheral/flash/ -IGenerated_Source\PSoC6\pdl\drivers/peripheral/gpio/ -IGenerated_Source\PSoC6\pdl\drivers/peripheral/ipc/ -IGenerated_Source\PSoC6\pdl\drivers/peripheral/lvd/ -IGenerated_Source\PSoC6\pdl\drivers/peripheral/profile/ -IGenerated_Source\PSoC6\pdl\drivers/peripheral/prot/ -IGenerated_Source\PSoC6\pdl\drivers/peripheral/sysanalog/ -IGenerated_Source\PSoC6\pdl\drivers/peripheral/sysclk/ -IGenerated_Source\PSoC6\pdl\drivers/peripheral/sysint/ -IGenerated_Source\PSoC6\pdl\drivers/peripheral/syslib/ -IGenerated_Source\PSoC6\pdl\drivers/peripheral/syspm/ -IGenerated_Source\PSoC6\pdl\drivers/peripheral/systick/ -IGenerated_Source\PSoC6\pdl\drivers/peripheral/trigmux/ -IGenerated_Source\PSoC6\pdl\drivers/peripheral/wdt/ -IGenerated_Source\PSoC6\pdl\middleware/ -IGenerated_Source\PSoC6\pdl\middleware/emWin/code/drivers/FlexColor/ -IGenerated_Source\PSoC6\pdl\middleware/emWin/code/include/ -IGenerated_Source\PSoC6\pdl\middleware/emWin/code/include/nosnts_softfp/ -D DEBUG -D CY_CORE_ID=0 --no_cse --no_unroll --no_inline --no_code_motion --no_tbaa --no_clustering --no_scheduling --debug --endian=little -e --fpu=None -On --no_wrap_diagnostics" />
      <Tool Name="linker" Command="ilinkarm.exe" Options="--semihosting --config cy8c6xx7_cm0plus.icf" />
      <Tool Name="postbuild" Command="" Options="" />
    </Toolchain>
  </Toolchains>
  <Project Name="Lab12" Path="D:\Microprocess2\Lab12\Lab12\Lab12.cydsn" Version="Unknown" Type="Normal">
    <CMSIS_SVD_File>Lab12.svd</CMSIS_SVD_File>
    <Datasheet />
    <LinkerFiles>
      <LinkerFile Toolchain="ARM GCC Generic">.\cy8c6xx7_cm0plus.ld</LinkerFile>
      <LinkerFile Toolchain="ARM MDK Generic">.\cy8c6xx7_cm0plus.scat</LinkerFile>
      <LinkerFile Toolchain="ARM IAR Generic">.\cy8c6xx7_cm0plus.icf</LinkerFile>
    </LinkerFiles>
    <Folders>
      <Folder BuildType="STRICT" Path="D:\Microprocess2\Lab12\Lab12\Lab12.cydsn">
        <Files Root="D:\Microprocess2\Lab12\Lab12\Lab12.cydsn">
          <File BuildType="BUILD" Toolchain="">main_cm0p.c</File>
          <File BuildType="BUILD" Toolchain="ARM GCC Generic">gcc\startup_psoc6_01_cm0plus.S</File>
          <File BuildType="BUILD" Toolchain="ARM IAR Generic">iar\startup_psoc6_01_cm0plus.s</File>
          <File BuildType="BUILD" Toolchain="ARM MDK Generic">mdk\startup_psoc6_01_cm0plus.s</File>
          <File BuildType="BUILD" Toolchain="">system_psoc6_cm0plus.c</File>
          <File BuildType="BUILD" Toolchain="ARM GCC Generic">cy8c6xx7_cm0plus.ld</File>
          <File BuildType="BUILD" Toolchain="ARM IAR Generic">cy8c6xx7_cm0plus.icf</File>
          <File BuildType="BUILD" Toolchain="ARM MDK Generic">cy8c6xx7_cm0plus.scat</File>
          <File BuildType="BUILD" Toolchain="">cyapicallbacks.h</File>
          <File BuildType="BUILD" Toolchain="">cy_ble_config.h</File>
          <File BuildType="BUILD" Toolchain="">GUIConf.h</File>
          <File BuildType="BUILD" Toolchain="">GUI_X.c</File>
          <File BuildType="BUILD" Toolchain="">GUIConf.c</File>
          <File BuildType="BUILD" Toolchain="">LCDConf.h</File>
          <File BuildType="BUILD" Toolchain="">LCDConf.c</File>
          <File BuildType="BUILD" Toolchain="">system_psoc6.h</File>
        </Files>
      </Folder>
      <Folder BuildType="STRICT" Path="D:\Microprocess2\Lab12\Lab12\Lab12.cydsn\Generated_Source\PSoC6">
        <Files Root="D:\Microprocess2\Lab12\Lab12\Lab12.cydsn">
          <File BuildType="BUILD" Toolchain="">Generated_Source\PSoC6\cyfitter_cfg.h</File>
          <File BuildType="BUILD" Toolchain="">Generated_Source\PSoC6\cyfitter_sysint_cfg.h</File>
          <File BuildType="BUILD" Toolchain="">Generated_Source\PSoC6\cyfitter_sysint_cfg.c</File>
          <File BuildType="BUILD" Toolchain="">Generated_Source\PSoC6\cyfitter_gpio.h</File>
          <File BuildType="BUILD" Toolchain="">Generated_Source\PSoC6\cyfitter_sysint.h</File>
          <File BuildType="BUILD" Toolchain="">Generated_Source\PSoC6\cyfitter_cfg.c</File>
          <File BuildType="BUILD" Toolchain="">Generated_Source\PSoC6\cymetadata.c</File>
          <File BuildType="BUILD" Toolchain="">Generated_Source\PSoC6\cydevice_trm.h</File>
          <File BuildType="BUILD" Toolchain="">Generated_Source\PSoC6\cydevicegnu_trm.inc</File>
          <File BuildType="BUILD" Toolchain="">Generated_Source\PSoC6\cydevicerv_trm.inc</File>
          <File BuildType="BUILD" Toolchain="">Generated_Source\PSoC6\cydeviceiar_trm.inc</File>
          <File BuildType="BUILD" Toolchain="">Generated_Source\PSoC6\cyfitter.h</File>
          <File BuildType="BUILD" Toolchain="">Generated_Source\PSoC6\cydisabledsheets.h</File>
          <File BuildType="BUILD" Toolchain="">Generated_Source\PSoC6\BLE.h</File>
          <File BuildType="BUILD" Toolchain="">Generated_Source\PSoC6\BLE.c</File>
          <File BuildType="BUILD" Toolchain="">Generated_Source\PSoC6\BLE_config.c</File>
          <File BuildType="BUILD" Toolchain="">Generated_Source\PSoC6\BLE_config.h</File>
          <File BuildType="BUILD" Toolchain="">Generated_Source\PSoC6\BLE_ias_config.c</File>
          <File BuildType="BUILD" Toolchain="">Generated_Source\PSoC6\project.h</File>
          <File BuildType="BUILD" Toolchain="">Generated_Source\PSoC6\cycodeshareimport.ld</File>
          <File BuildType="BUILD" Toolchain="">Generated_Source\PSoC6\cycodeshareexport.ld</File>
          <File BuildType="BUILD" Toolchain="">Generated_Source\PSoC6\cycodeshareimport.scat</File>
        </Files>
      </Folder>
      <Folder BuildType="STRICT" Path="D:\Microprocess2\Lab12\Lab12\Lab12.cydsn\Generated_Source\PSoC6\pdl\cmsis\include">
        <Files Root="D:\Microprocess2\Lab12\Lab12\Lab12.cydsn">
          <File BuildType="BUILD" Toolchain="">Generated_Source\PSoC6\pdl\cmsis\include\arm_common_tables.h</File>
          <File BuildType="BUILD" Toolchain="">Generated_Source\PSoC6\pdl\cmsis\include\arm_const_structs.h</File>
          <File BuildType="BUILD" Toolchain="">Generated_Source\PSoC6\pdl\cmsis\include\arm_math.h</File>
          <File BuildType="BUILD" Toolchain="ARM IAR Generic">Generated_Source\PSoC6\pdl\cmsis\include\cmsis_iccarm.h</File>
          <File BuildType="BUILD" Toolchain="ARM MDK Generic">Generated_Source\PSoC6\pdl\cmsis\include\cmsis_armcc.h</File>
          <File BuildType="BUILD" Toolchain="ARM MDK Generic">Generated_Source\PSoC6\pdl\cmsis\include\cmsis_armclang.h</File>
          <File BuildType="BUILD" Toolchain="">Generated_Source\PSoC6\pdl\cmsis\include\cmsis_compiler.h</File>
          <File BuildType="BUILD" Toolchain="ARM GCC Generic">Generated_Source\PSoC6\pdl\cmsis\include\cmsis_gcc.h</File>
          <File BuildType="BUILD" Toolchain="">Generated_Source\PSoC6\pdl\cmsis\include\cmsis_version.h</File>
          <File BuildType="BUILD" Toolchain="">Generated_Source\PSoC6\pdl\cmsis\include\core_cm0plus.h</File>
          <File BuildType="BUILD" Toolchain="">Generated_Source\PSoC6\pdl\cmsis\include\core_cm4.h</File>
          <File BuildType="BUILD" Toolchain="">Generated_Source\PSoC6\pdl\cmsis\include\mpu_armv7.h</File>
        </Files>
      </Folder>
      <Folder BuildType="STRICT" Path="D:\Microprocess2\Lab12\Lab12\Lab12.cydsn\Generated_Source\PSoC6\pdl\drivers\peripheral\efuse">
        <Files Root="D:\Microprocess2\Lab12\Lab12\Lab12.cydsn">
          <File BuildType="BUILD" Toolchain="">Generated_Source\PSoC6\pdl\drivers\peripheral\efuse\cy_efuse.c</File>
          <File BuildType="BUILD" Toolchain="">Generated_Source\PSoC6\pdl\drivers\peripheral\efuse\cy_efuse.h</File>
        </Files>
      </Folder>
      <Folder BuildType="STRICT" Path="D:\Microprocess2\Lab12\Lab12\Lab12.cydsn\Generated_Source\PSoC6\pdl\drivers\peripheral\flash">
        <Files Root="D:\Microprocess2\Lab12\Lab12\Lab12.cydsn">
          <File BuildType="BUILD" Toolchain="">Generated_Source\PSoC6\pdl\drivers\peripheral\flash\cy_flash.c</File>
          <File BuildType="BUILD" Toolchain="">Generated_Source\PSoC6\pdl\drivers\peripheral\flash\cy_flash.h</File>
        </Files>
      </Folder>
      <Folder BuildType="STRICT" Path="D:\Microprocess2\Lab12\Lab12\Lab12.cydsn\Generated_Source\PSoC6\pdl\drivers\peripheral\gpio">
        <Files Root="D:\Microprocess2\Lab12\Lab12\Lab12.cydsn">
          <File BuildType="BUILD" Toolchain="">Generated_Source\PSoC6\pdl\drivers\peripheral\gpio\cy_gpio.c</File>
          <File BuildType="BUILD" Toolchain="">Generated_Source\PSoC6\pdl\drivers\peripheral\gpio\cy_gpio.h</File>
        </Files>
      </Folder>
      <Folder BuildType="STRICT" Path="D:\Microprocess2\Lab12\Lab12\Lab12.cydsn\Generated_Source\PSoC6\pdl\drivers\peripheral\ipc">
        <Files Root="D:\Microprocess2\Lab12\Lab12\Lab12.cydsn">
          <File BuildType="BUILD" Toolchain="">Generated_Source\PSoC6\pdl\drivers\peripheral\ipc\cy_ipc_drv.c</File>
          <File BuildType="BUILD" Toolchain="">Generated_Source\PSoC6\pdl\drivers\peripheral\ipc\cy_ipc_drv.h</File>
          <File BuildType="BUILD" Toolchain="">Generated_Source\PSoC6\pdl\drivers\peripheral\ipc\cy_ipc_sema.c</File>
          <File BuildType="BUILD" Toolchain="">Generated_Source\PSoC6\pdl\drivers\peripheral\ipc\cy_ipc_sema.h</File>
          <File BuildType="BUILD" Toolchain="">Generated_Source\PSoC6\pdl\drivers\peripheral\ipc\cy_ipc_pipe.c</File>
          <File BuildType="BUILD" Toolchain="">Generated_Source\PSoC6\pdl\drivers\peripheral\ipc\cy_ipc_pipe.h</File>
        </Files>
      </Folder>
      <Folder BuildType="STRICT" Path="D:\Microprocess2\Lab12\Lab12\Lab12.cydsn\Generated_Source\PSoC6\pdl\drivers\peripheral\lvd">
        <Files Root="D:\Microprocess2\Lab12\Lab12\Lab12.cydsn">
          <File BuildType="BUILD" Toolchain="">Generated_Source\PSoC6\pdl\drivers\peripheral\lvd\cy_lvd.c</File>
          <File BuildType="BUILD" Toolchain="">Generated_Source\PSoC6\pdl\drivers\peripheral\lvd\cy_lvd.h</File>
        </Files>
      </Folder>
      <Folder BuildType="STRICT" Path="D:\Microprocess2\Lab12\Lab12\Lab12.cydsn\Generated_Source\PSoC6\pdl\drivers\peripheral\profile">
        <Files Root="D:\Microprocess2\Lab12\Lab12\Lab12.cydsn">
          <File BuildType="BUILD" Toolchain="">Generated_Source\PSoC6\pdl\drivers\peripheral\profile\cy_profile.c</File>
          <File BuildType="BUILD" Toolchain="">Generated_Source\PSoC6\pdl\drivers\peripheral\profile\cy_profile.h</File>
        </Files>
      </Folder>
      <Folder BuildType="STRICT" Path="D:\Microprocess2\Lab12\Lab12\Lab12.cydsn\Generated_Source\PSoC6\pdl\drivers\peripheral\prot">
        <Files Root="D:\Microprocess2\Lab12\Lab12\Lab12.cydsn">
          <File BuildType="BUILD" Toolchain="">Generated_Source\PSoC6\pdl\drivers\peripheral\prot\cy_prot.c</File>
          <File BuildType="BUILD" Toolchain="">Generated_Source\PSoC6\pdl\drivers\peripheral\prot\cy_prot.h</File>
        </Files>
      </Folder>
      <Folder BuildType="STRICT" Path="D:\Microprocess2\Lab12\Lab12\Lab12.cydsn\Generated_Source\PSoC6\pdl\drivers\peripheral\sysanalog">
        <Files Root="D:\Microprocess2\Lab12\Lab12\Lab12.cydsn">
          <File BuildType="BUILD" Toolchain="">Generated_Source\PSoC6\pdl\drivers\peripheral\sysanalog\cy_sysanalog.c</File>
          <File BuildType="BUILD" Toolchain="">Generated_Source\PSoC6\pdl\drivers\peripheral\sysanalog\cy_sysanalog.h</File>
        </Files>
      </Folder>
      <Folder BuildType="STRICT" Path="D:\Microprocess2\Lab12\Lab12\Lab12.cydsn\Generated_Source\PSoC6\pdl\drivers\peripheral\sysclk">
        <Files Root="D:\Microprocess2\Lab12\Lab12\Lab12.cydsn">
          <File BuildType="BUILD" Toolchain="">Generated_Source\PSoC6\pdl\drivers\peripheral\sysclk\cy_sysclk.c</File>
          <File BuildType="BUILD" Toolchain="">Generated_Source\PSoC6\pdl\drivers\peripheral\sysclk\cy_sysclk.h</File>
        </Files>
      </Folder>
      <Folder BuildType="STRICT" Path="D:\Microprocess2\Lab12\Lab12\Lab12.cydsn\Generated_Source\PSoC6\pdl\drivers\peripheral\sysint">
        <Files Root="D:\Microprocess2\Lab12\Lab12\Lab12.cydsn">
          <File BuildType="BUILD" Toolchain="">Generated_Source\PSoC6\pdl\drivers\peripheral\sysint\cy_sysint.c</File>
          <File BuildType="BUILD" Toolchain="">Generated_Source\PSoC6\pdl\drivers\peripheral\sysint\cy_sysint.h</File>
        </Files>
      </Folder>
      <Folder BuildType="STRICT" Path="D:\Microprocess2\Lab12\Lab12\Lab12.cydsn\Generated_Source\PSoC6\pdl\drivers\peripheral\syslib">
        <Files Root="D:\Microprocess2\Lab12\Lab12\Lab12.cydsn">
          <File BuildType="BUILD" Toolchain="">Generated_Source\PSoC6\pdl\drivers\peripheral\syslib\cy_syslib.c</File>
          <File BuildType="BUILD" Toolchain="">Generated_Source\PSoC6\pdl\drivers\peripheral\syslib\cy_syslib.h</File>
        </Files>
      </Folder>
      <Folder BuildType="STRICT" Path="D:\Microprocess2\Lab12\Lab12\Lab12.cydsn\Generated_Source\PSoC6\pdl\drivers\peripheral\syslib\gcc">
        <Files Root="D:\Microprocess2\Lab12\Lab12\Lab12.cydsn">
          <File BuildType="BUILD" Toolchain="ARM GCC Generic">Generated_Source\PSoC6\pdl\drivers\peripheral\syslib\gcc\cy_syslib_gcc.S</File>
        </Files>
      </Folder>
      <Folder BuildType="STRICT" Path="D:\Microprocess2\Lab12\Lab12\Lab12.cydsn\Generated_Source\PSoC6\pdl\drivers\peripheral\syslib\iar">
        <Files Root="D:\Microprocess2\Lab12\Lab12\Lab12.cydsn">
          <File BuildType="BUILD" Toolchain="ARM IAR Generic">Generated_Source\PSoC6\pdl\drivers\peripheral\syslib\iar\cy_syslib_iar.s</File>
        </Files>
      </Folder>
      <Folder BuildType="STRICT" Path="D:\Microprocess2\Lab12\Lab12\Lab12.cydsn\Generated_Source\PSoC6\pdl\drivers\peripheral\syslib\mdk">
        <Files Root="D:\Microprocess2\Lab12\Lab12\Lab12.cydsn">
          <File BuildType="BUILD" Toolchain="ARM MDK Generic">Generated_Source\PSoC6\pdl\drivers\peripheral\syslib\mdk\cy_syslib_mdk.s</File>
        </Files>
      </Folder>
      <Folder BuildType="STRICT" Path="D:\Microprocess2\Lab12\Lab12\Lab12.cydsn\Generated_Source\PSoC6\pdl\drivers\peripheral\syspm">
        <Files Root="D:\Microprocess2\Lab12\Lab12\Lab12.cydsn">
          <File BuildType="BUILD" Toolchain="">Generated_Source\PSoC6\pdl\drivers\peripheral\syspm\cy_syspm.c</File>
          <File BuildType="BUILD" Toolchain="">Generated_Source\PSoC6\pdl\drivers\peripheral\syspm\cy_syspm.h</File>
        </Files>
      </Folder>
      <Folder BuildType="STRICT" Path="D:\Microprocess2\Lab12\Lab12\Lab12.cydsn\Generated_Source\PSoC6\pdl\drivers\peripheral\systick">
        <Files Root="D:\Microprocess2\Lab12\Lab12\Lab12.cydsn">
          <File BuildType="BUILD" Toolchain="">Generated_Source\PSoC6\pdl\drivers\peripheral\systick\cy_systick.c</File>
          <File BuildType="BUILD" Toolchain="">Generated_Source\PSoC6\pdl\drivers\peripheral\systick\cy_systick.h</File>
        </Files>
      </Folder>
      <Folder BuildType="STRICT" Path="D:\Microprocess2\Lab12\Lab12\Lab12.cydsn\Generated_Source\PSoC6\pdl\drivers\peripheral\trigmux">
        <Files Root="D:\Microprocess2\Lab12\Lab12\Lab12.cydsn">
          <File BuildType="BUILD" Toolchain="">Generated_Source\PSoC6\pdl\drivers\peripheral\trigmux\cy_trigmux.c</File>
          <File BuildType="BUILD" Toolchain="">Generated_Source\PSoC6\pdl\drivers\peripheral\trigmux\cy_trigmux.h</File>
        </Files>
      </Folder>
      <Folder BuildType="STRICT" Path="D:\Microprocess2\Lab12\Lab12\Lab12.cydsn\Generated_Source\PSoC6\pdl\drivers\peripheral\wdt">
        <Files Root="D:\Microprocess2\Lab12\Lab12\Lab12.cydsn">
          <File BuildType="BUILD" Toolchain="">Generated_Source\PSoC6\pdl\drivers\peripheral\wdt\cy_wdt.c</File>
          <File BuildType="BUILD" Toolchain="">Generated_Source\PSoC6\pdl\drivers\peripheral\wdt\cy_wdt.h</File>
        </Files>
      </Folder>
      <Folder BuildType="STRICT" Path="D:\Microprocess2\Lab12\Lab12\Lab12.cydsn\Generated_Source\PSoC6\pdl\drivers\peripheral\device">
        <Files Root="D:\Microprocess2\Lab12\Lab12\Lab12.cydsn">
          <File BuildType="BUILD" Toolchain="">Generated_Source\PSoC6\pdl\drivers\peripheral\device\cy_device.h</File>
          <File BuildType="BUILD" Toolchain="">Generated_Source\PSoC6\pdl\drivers\peripheral\device\cy_device.c</File>
        </Files>
      </Folder>
      <Folder BuildType="STRICT" Path="D:\Microprocess2\Lab12\Lab12\Lab12.cydsn\Generated_Source\PSoC6\pdl\middleware\ble">
        <Files Root="D:\Microprocess2\Lab12\Lab12\Lab12.cydsn">
          <File BuildType="BUILD" Toolchain="">Generated_Source\PSoC6\pdl\middleware\ble\cy_ble.c</File>
          <File BuildType="BUILD" Toolchain="">Generated_Source\PSoC6\pdl\middleware\ble\cy_ble.h</File>
          <File BuildType="BUILD" Toolchain="">Generated_Source\PSoC6\pdl\middleware\ble\cy_ble_hal_int.c</File>
          <File BuildType="BUILD" Toolchain="">Generated_Source\PSoC6\pdl\middleware\ble\cy_ble_hal_pvt.c</File>
          <File BuildType="BUILD" Toolchain="">Generated_Source\PSoC6\pdl\middleware\ble\cy_ble_hal_pvt.h</File>
          <File BuildType="BUILD" Toolchain="">Generated_Source\PSoC6\pdl\middleware\ble\cy_ble_defines.h</File>
          <File BuildType="BUILD" Toolchain="">Generated_Source\PSoC6\pdl\middleware\ble\cy_ble_gap.c</File>
          <File BuildType="BUILD" Toolchain="">Generated_Source\PSoC6\pdl\middleware\ble\cy_ble_gap.h</File>
          <File BuildType="BUILD" Toolchain="">Generated_Source\PSoC6\pdl\middleware\ble\cy_ble_gatt.c</File>
          <File BuildType="BUILD" Toolchain="">Generated_Source\PSoC6\pdl\middleware\ble\cy_ble_gatt.h</File>
          <File BuildType="BUILD" Toolchain="">Generated_Source\PSoC6\pdl\middleware\ble\cy_ble_event_handler.c</File>
          <File BuildType="BUILD" Toolchain="">Generated_Source\PSoC6\pdl\middleware\ble\cy_ble_event_handler.h</File>
          <File BuildType="BUILD" Toolchain="">Generated_Source\PSoC6\pdl\middleware\ble\cy_ble_stack.h</File>
          <File BuildType="BUILD" Toolchain="">Generated_Source\PSoC6\pdl\middleware\ble\cy_ble_stack_host_main.h</File>
          <File BuildType="BUILD" Toolchain="">Generated_Source\PSoC6\pdl\middleware\ble\cy_ble_stack_gatt_server.h</File>
          <File BuildType="BUILD" Toolchain="">Generated_Source\PSoC6\pdl\middleware\ble\cy_ble_stack_gap_peripheral.h</File>
          <File BuildType="BUILD" Toolchain="">Generated_Source\PSoC6\pdl\middleware\ble\cy_ble_stack_gatt_client.h</File>
          <File BuildType="BUILD" Toolchain="">Generated_Source\PSoC6\pdl\middleware\ble\cy_ble_stack_l2cap.h</File>
          <File BuildType="BUILD" Toolchain="">Generated_Source\PSoC6\pdl\middleware\ble\cy_ble_stack_pvt.h</File>
          <File BuildType="BUILD" Toolchain="">Generated_Source\PSoC6\pdl\middleware\ble\cy_ble_stack_gatt_db.h</File>
          <File BuildType="BUILD" Toolchain="">Generated_Source\PSoC6\pdl\middleware\ble\cy_ble_stack_gap_central.h</File>
          <File BuildType="BUILD" Toolchain="">Generated_Source\PSoC6\pdl\middleware\ble\cy_ble_stack_gap.h</File>
          <File BuildType="BUILD" Toolchain="">Generated_Source\PSoC6\pdl\middleware\ble\cy_ble_stack_gatt.h</File>
          <File BuildType="BUILD" Toolchain="">Generated_Source\PSoC6\pdl\middleware\ble\cy_ble_stack_host_error.h</File>
          <File BuildType="BUILD" Toolchain="">Generated_Source\PSoC6\pdl\middleware\ble\cy_ble_ancs.c</File>
          <File BuildType="BUILD" Toolchain="">Generated_Source\PSoC6\pdl\middleware\ble\cy_ble_ancs.h</File>
          <File BuildType="BUILD" Toolchain="">Generated_Source\PSoC6\pdl\middleware\ble\cy_ble_ans.c</File>
          <File BuildType="BUILD" Toolchain="">Generated_Source\PSoC6\pdl\middleware\ble\cy_ble_ans.h</File>
          <File BuildType="BUILD" Toolchain="">Generated_Source\PSoC6\pdl\middleware\ble\cy_ble_aios.c</File>
          <File BuildType="BUILD" Toolchain="">Generated_Source\PSoC6\pdl\middleware\ble\cy_ble_aios.h</File>
          <File BuildType="BUILD" Toolchain="">Generated_Source\PSoC6\pdl\middleware\ble\cy_ble_bas.c</File>
          <File BuildType="BUILD" Toolchain="">Generated_Source\PSoC6\pdl\middleware\ble\cy_ble_bas.h</File>
          <File BuildType="BUILD" Toolchain="">Generated_Source\PSoC6\pdl\middleware\ble\cy_ble_bcs.c</File>
          <File BuildType="BUILD" Toolchain="">Generated_Source\PSoC6\pdl\middleware\ble\cy_ble_bcs.h</File>
          <File BuildType="BUILD" Toolchain="">Generated_Source\PSoC6\pdl\middleware\ble\cy_ble_bls.c</File>
          <File BuildType="BUILD" Toolchain="">Generated_Source\PSoC6\pdl\middleware\ble\cy_ble_bls.h</File>
          <File BuildType="BUILD" Toolchain="">Generated_Source\PSoC6\pdl\middleware\ble\cy_ble_bms.c</File>
          <File BuildType="BUILD" Toolchain="">Generated_Source\PSoC6\pdl\middleware\ble\cy_ble_bms.h</File>
          <File BuildType="BUILD" Toolchain="">Generated_Source\PSoC6\pdl\middleware\ble\cy_ble_bts.c</File>
          <File BuildType="BUILD" Toolchain="">Generated_Source\PSoC6\pdl\middleware\ble\cy_ble_bts.h</File>
          <File BuildType="BUILD" Toolchain="">Generated_Source\PSoC6\pdl\middleware\ble\cy_ble_cgms.c</File>
          <File BuildType="BUILD" Toolchain="">Generated_Source\PSoC6\pdl\middleware\ble\cy_ble_cgms.h</File>
          <File BuildType="BUILD" Toolchain="">Generated_Source\PSoC6\pdl\middleware\ble\cy_ble_cps.c</File>
          <File BuildType="BUILD" Toolchain="">Generated_Source\PSoC6\pdl\middleware\ble\cy_ble_cps.h</File>
          <File BuildType="BUILD" Toolchain="">Generated_Source\PSoC6\pdl\middleware\ble\cy_ble_cscs.c</File>
          <File BuildType="BUILD" Toolchain="">Generated_Source\PSoC6\pdl\middleware\ble\cy_ble_cscs.h</File>
          <File BuildType="BUILD" Toolchain="">Generated_Source\PSoC6\pdl\middleware\ble\cy_ble_cts.c</File>
          <File BuildType="BUILD" Toolchain="">Generated_Source\PSoC6\pdl\middleware\ble\cy_ble_cts.h</File>
          <File BuildType="BUILD" Toolchain="">Generated_Source\PSoC6\pdl\middleware\ble\cy_ble_custom.c</File>
          <File BuildType="BUILD" Toolchain="">Generated_Source\PSoC6\pdl\middleware\ble\cy_ble_custom.h</File>
          <File BuildType="BUILD" Toolchain="">Generated_Source\PSoC6\pdl\middleware\ble\cy_ble_dis.c</File>
          <File BuildType="BUILD" Toolchain="">Generated_Source\PSoC6\pdl\middleware\ble\cy_ble_dis.h</File>
          <File BuildType="BUILD" Toolchain="">Generated_Source\PSoC6\pdl\middleware\ble\cy_ble_ess.c</File>
          <File BuildType="BUILD" Toolchain="">Generated_Source\PSoC6\pdl\middleware\ble\cy_ble_ess.h</File>
          <File BuildType="BUILD" Toolchain="">Generated_Source\PSoC6\pdl\middleware\ble\cy_ble_gls.c</File>
          <File BuildType="BUILD" Toolchain="">Generated_Source\PSoC6\pdl\middleware\ble\cy_ble_gls.h</File>
          <File BuildType="BUILD" Toolchain="">Generated_Source\PSoC6\pdl\middleware\ble\cy_ble_hids.c</File>
          <File BuildType="BUILD" Toolchain="">Generated_Source\PSoC6\pdl\middleware\ble\cy_ble_hids.h</File>
          <File BuildType="BUILD" Toolchain="">Generated_Source\PSoC6\pdl\middleware\ble\cy_ble_hps.c</File>
          <File BuildType="BUILD" Toolchain="">Generated_Source\PSoC6\pdl\middleware\ble\cy_ble_hps.h</File>
          <File BuildType="BUILD" Toolchain="">Generated_Source\PSoC6\pdl\middleware\ble\cy_ble_hrs.c</File>
          <File BuildType="BUILD" Toolchain="">Generated_Source\PSoC6\pdl\middleware\ble\cy_ble_hrs.h</File>
          <File BuildType="BUILD" Toolchain="">Generated_Source\PSoC6\pdl\middleware\ble\cy_ble_hts.c</File>
          <File BuildType="BUILD" Toolchain="">Generated_Source\PSoC6\pdl\middleware\ble\cy_ble_hts.h</File>
          <File BuildType="BUILD" Toolchain="">Generated_Source\PSoC6\pdl\middleware\ble\cy_ble_ias.c</File>
          <File BuildType="BUILD" Toolchain="">Generated_Source\PSoC6\pdl\middleware\ble\cy_ble_ias.h</File>
          <File BuildType="BUILD" Toolchain="">Generated_Source\PSoC6\pdl\middleware\ble\cy_ble_ips.c</File>
          <File BuildType="BUILD" Toolchain="">Generated_Source\PSoC6\pdl\middleware\ble\cy_ble_ips.h</File>
          <File BuildType="BUILD" Toolchain="">Generated_Source\PSoC6\pdl\middleware\ble\cy_ble_lls.c</File>
          <File BuildType="BUILD" Toolchain="">Generated_Source\PSoC6\pdl\middleware\ble\cy_ble_lls.h</File>
          <File BuildType="BUILD" Toolchain="">Generated_Source\PSoC6\pdl\middleware\ble\cy_ble_lns.c</File>
          <File BuildType="BUILD" Toolchain="">Generated_Source\PSoC6\pdl\middleware\ble\cy_ble_lns.h</File>
          <File BuildType="BUILD" Toolchain="">Generated_Source\PSoC6\pdl\middleware\ble\cy_ble_ndcs.c</File>
          <File BuildType="BUILD" Toolchain="">Generated_Source\PSoC6\pdl\middleware\ble\cy_ble_ndcs.h</File>
          <File BuildType="BUILD" Toolchain="">Generated_Source\PSoC6\pdl\middleware\ble\cy_ble_plxs.c</File>
          <File BuildType="BUILD" Toolchain="">Generated_Source\PSoC6\pdl\middleware\ble\cy_ble_plxs.h</File>
          <File BuildType="BUILD" Toolchain="">Generated_Source\PSoC6\pdl\middleware\ble\cy_ble_pass.c</File>
          <File BuildType="BUILD" Toolchain="">Generated_Source\PSoC6\pdl\middleware\ble\cy_ble_pass.h</File>
          <File BuildType="BUILD" Toolchain="">Generated_Source\PSoC6\pdl\middleware\ble\cy_ble_rscs.c</File>
          <File BuildType="BUILD" Toolchain="">Generated_Source\PSoC6\pdl\middleware\ble\cy_ble_rscs.h</File>
          <File BuildType="BUILD" Toolchain="">Generated_Source\PSoC6\pdl\middleware\ble\cy_ble_rtus.c</File>
          <File BuildType="BUILD" Toolchain="">Generated_Source\PSoC6\pdl\middleware\ble\cy_ble_rtus.h</File>
          <File BuildType="BUILD" Toolchain="">Generated_Source\PSoC6\pdl\middleware\ble\cy_ble_scps.c</File>
          <File BuildType="BUILD" Toolchain="">Generated_Source\PSoC6\pdl\middleware\ble\cy_ble_scps.h</File>
          <File BuildType="BUILD" Toolchain="">Generated_Source\PSoC6\pdl\middleware\ble\cy_ble_tps.c</File>
          <File BuildType="BUILD" Toolchain="">Generated_Source\PSoC6\pdl\middleware\ble\cy_ble_tps.h</File>
          <File BuildType="BUILD" Toolchain="">Generated_Source\PSoC6\pdl\middleware\ble\cy_ble_uds.c</File>
          <File BuildType="BUILD" Toolchain="">Generated_Source\PSoC6\pdl\middleware\ble\cy_ble_uds.h</File>
          <File BuildType="BUILD" Toolchain="">Generated_Source\PSoC6\pdl\middleware\ble\cy_ble_wpts.c</File>
          <File BuildType="BUILD" Toolchain="">Generated_Source\PSoC6\pdl\middleware\ble\cy_ble_wpts.h</File>
          <File BuildType="BUILD" Toolchain="">Generated_Source\PSoC6\pdl\middleware\ble\cy_ble_wss.c</File>
          <File BuildType="BUILD" Toolchain="">Generated_Source\PSoC6\pdl\middleware\ble\cy_ble_wss.h</File>
          <File BuildType="BUILD" Toolchain="">Generated_Source\PSoC6\pdl\middleware\ble\cy_ble_clk.c</File>
          <File BuildType="BUILD" Toolchain="">Generated_Source\PSoC6\pdl\middleware\ble\cy_ble_clk.h</File>
        </Files>
      </Folder>
      <Folder BuildType="STRICT" Path="D:\Microprocess2\Lab12\Lab12\Lab12.cydsn\Generated_Source\PSoC6\pdl\middleware\ble\lib">
        <Files Root="D:\Microprocess2\Lab12\Lab12\Lab12.cydsn">
          <File BuildType="BUILD" Toolchain="ARM GCC Generic;ARM IAR Generic">Generated_Source\PSoC6\pdl\middleware\ble\lib\cy_ble_stack_gcc_radio_max_cm0p.a</File>
          <File BuildType="BUILD" Toolchain="ARM MDK Generic">Generated_Source\PSoC6\pdl\middleware\ble\lib\cy_ble_stack_mdk_radio_max_cm0p.a</File>
          <File BuildType="BUILD" Toolchain="ARM GCC Generic;ARM IAR Generic">Generated_Source\PSoC6\pdl\middleware\ble\lib\cy_ble_stack_gcc_controller_ipc_cm0p.a</File>
          <File BuildType="BUILD" Toolchain="ARM MDK Generic">Generated_Source\PSoC6\pdl\middleware\ble\lib\cy_ble_stack_mdk_controller_ipc_cm0p.a</File>
        </Files>
      </Folder>
      <Folder BuildType="STRICT" Path="D:\Microprocess2\Lab12\Lab12\Lab12.cydsn\Generated_Source\PSoC6\pdl\middleware\emWin\code\include">
        <Files Root="D:\Microprocess2\Lab12\Lab12\Lab12.cydsn">
          <File BuildType="BUILD" Toolchain="">Generated_Source\PSoC6\pdl\middleware\emWin\code\include\BUTTON.h</File>
          <File BuildType="BUILD" Toolchain="">Generated_Source\PSoC6\pdl\middleware\emWin\code\include\BUTTON_Private.h</File>
          <File BuildType="BUILD" Toolchain="">Generated_Source\PSoC6\pdl\middleware\emWin\code\include\CALENDAR.h</File>
          <File BuildType="BUILD" Toolchain="">Generated_Source\PSoC6\pdl\middleware\emWin\code\include\CHECKBOX.h</File>
          <File BuildType="BUILD" Toolchain="">Generated_Source\PSoC6\pdl\middleware\emWin\code\include\CHECKBOX_Private.h</File>
          <File BuildType="BUILD" Toolchain="">Generated_Source\PSoC6\pdl\middleware\emWin\code\include\CHOOSECOLOR.h</File>
          <File BuildType="BUILD" Toolchain="">Generated_Source\PSoC6\pdl\middleware\emWin\code\include\CHOOSEFILE.h</File>
          <File BuildType="BUILD" Toolchain="">Generated_Source\PSoC6\pdl\middleware\emWin\code\include\DIALOG.h</File>
          <File BuildType="BUILD" Toolchain="">Generated_Source\PSoC6\pdl\middleware\emWin\code\include\DIALOG_Intern.h</File>
          <File BuildType="BUILD" Toolchain="">Generated_Source\PSoC6\pdl\middleware\emWin\code\include\DROPDOWN.h</File>
          <File BuildType="BUILD" Toolchain="">Generated_Source\PSoC6\pdl\middleware\emWin\code\include\DROPDOWN_Private.h</File>
          <File BuildType="BUILD" Toolchain="">Generated_Source\PSoC6\pdl\middleware\emWin\code\include\EDIT.h</File>
          <File BuildType="BUILD" Toolchain="">Generated_Source\PSoC6\pdl\middleware\emWin\code\include\EDIT_Private.h</File>
          <File BuildType="BUILD" Toolchain="">Generated_Source\PSoC6\pdl\middleware\emWin\code\include\FRAMEWIN.h</File>
          <File BuildType="BUILD" Toolchain="">Generated_Source\PSoC6\pdl\middleware\emWin\code\include\FRAMEWIN_Private.h</File>
          <File BuildType="BUILD" Toolchain="">Generated_Source\PSoC6\pdl\middleware\emWin\code\include\Global.h</File>
          <File BuildType="BUILD" Toolchain="">Generated_Source\PSoC6\pdl\middleware\emWin\code\include\GRAPH.h</File>
          <File BuildType="BUILD" Toolchain="">Generated_Source\PSoC6\pdl\middleware\emWin\code\include\GRAPH_Private.h</File>
          <File BuildType="BUILD" Toolchain="">Generated_Source\PSoC6\pdl\middleware\emWin\code\include\GUI.h</File>
          <File BuildType="BUILD" Toolchain="">Generated_Source\PSoC6\pdl\middleware\emWin\code\include\GUI_ARRAY.h</File>
          <File BuildType="BUILD" Toolchain="">Generated_Source\PSoC6\pdl\middleware\emWin\code\include\GUI_ARRAY_Private.h</File>
          <File BuildType="BUILD" Toolchain="">Generated_Source\PSoC6\pdl\middleware\emWin\code\include\GUI_BMP_Private.h</File>
          <File BuildType="BUILD" Toolchain="">Generated_Source\PSoC6\pdl\middleware\emWin\code\include\GUI_ConfDefaults.h</File>
          <File BuildType="BUILD" Toolchain="">Generated_Source\PSoC6\pdl\middleware\emWin\code\include\GUI_Debug.h</File>
          <File BuildType="BUILD" Toolchain="">Generated_Source\PSoC6\pdl\middleware\emWin\code\include\GUI_FontIntern.h</File>
          <File BuildType="BUILD" Toolchain="">Generated_Source\PSoC6\pdl\middleware\emWin\code\include\GUI_GCache_Private.h</File>
          <File BuildType="BUILD" Toolchain="">Generated_Source\PSoC6\pdl\middleware\emWin\code\include\GUI_GIF_Private.h</File>
          <File BuildType="BUILD" Toolchain="">Generated_Source\PSoC6\pdl\middleware\emWin\code\include\GUI_HOOK.h</File>
          <File BuildType="BUILD" Toolchain="">Generated_Source\PSoC6\pdl\middleware\emWin\code\include\GUI_JPEG_Private.h</File>
          <File BuildType="BUILD" Toolchain="">Generated_Source\PSoC6\pdl\middleware\emWin\code\include\GUI_Private.h</File>
          <File BuildType="BUILD" Toolchain="">Generated_Source\PSoC6\pdl\middleware\emWin\code\include\GUI_SetOrientation.h</File>
          <File BuildType="BUILD" Toolchain="">Generated_Source\PSoC6\pdl\middleware\emWin\code\include\GUI_SetOrientationCX.h</File>
          <File BuildType="BUILD" Toolchain="">Generated_Source\PSoC6\pdl\middleware\emWin\code\include\GUI_SPRITE_Private.h</File>
          <File BuildType="BUILD" Toolchain="">Generated_Source\PSoC6\pdl\middleware\emWin\code\include\GUI_Type.h</File>
          <File BuildType="BUILD" Toolchain="">Generated_Source\PSoC6\pdl\middleware\emWin\code\include\GUI_Version.h</File>
          <File BuildType="BUILD" Toolchain="">Generated_Source\PSoC6\pdl\middleware\emWin\code\include\GUI_VNC.h</File>
          <File BuildType="BUILD" Toolchain="">Generated_Source\PSoC6\pdl\middleware\emWin\code\include\GUI__BiDi2_Brackets_800.h</File>
          <File BuildType="BUILD" Toolchain="">Generated_Source\PSoC6\pdl\middleware\emWin\code\include\GUI__BiDi2_Types_800.h</File>
          <File BuildType="BUILD" Toolchain="">Generated_Source\PSoC6\pdl\middleware\emWin\code\include\HEADER.h</File>
          <File BuildType="BUILD" Toolchain="">Generated_Source\PSoC6\pdl\middleware\emWin\code\include\HEADER_Private.h</File>
          <File BuildType="BUILD" Toolchain="">Generated_Source\PSoC6\pdl\middleware\emWin\code\include\ICONVIEW.h</File>
          <File BuildType="BUILD" Toolchain="">Generated_Source\PSoC6\pdl\middleware\emWin\code\include\ICONVIEW_Private.h</File>
          <File BuildType="BUILD" Toolchain="">Generated_Source\PSoC6\pdl\middleware\emWin\code\include\IMAGE.h</File>
          <File BuildType="BUILD" Toolchain="">Generated_Source\PSoC6\pdl\middleware\emWin\code\include\IMAGE_Private.h</File>
          <File BuildType="BUILD" Toolchain="">Generated_Source\PSoC6\pdl\middleware\emWin\code\include\IP_FS.h</File>
          <File BuildType="BUILD" Toolchain="">Generated_Source\PSoC6\pdl\middleware\emWin\code\include\KNOB.h</File>
          <File BuildType="BUILD" Toolchain="">Generated_Source\PSoC6\pdl\middleware\emWin\code\include\KNOB_Private.h</File>
          <File BuildType="BUILD" Toolchain="">Generated_Source\PSoC6\pdl\middleware\emWin\code\include\LCD.h</File>
          <File BuildType="BUILD" Toolchain="">Generated_Source\PSoC6\pdl\middleware\emWin\code\include\LCD_ConfDefaults.h</File>
          <File BuildType="BUILD" Toolchain="">Generated_Source\PSoC6\pdl\middleware\emWin\code\include\LCD_Private.h</File>
          <File BuildType="BUILD" Toolchain="">Generated_Source\PSoC6\pdl\middleware\emWin\code\include\LCD_Protected.h</File>
          <File BuildType="BUILD" Toolchain="">Generated_Source\PSoC6\pdl\middleware\emWin\code\include\LCD_SIM.h</File>
          <File BuildType="BUILD" Toolchain="">Generated_Source\PSoC6\pdl\middleware\emWin\code\include\LISTBOX.h</File>
          <File BuildType="BUILD" Toolchain="">Generated_Source\PSoC6\pdl\middleware\emWin\code\include\LISTBOX_Private.h</File>
          <File BuildType="BUILD" Toolchain="">Generated_Source\PSoC6\pdl\middleware\emWin\code\include\LISTVIEW.h</File>
          <File BuildType="BUILD" Toolchain="">Generated_Source\PSoC6\pdl\middleware\emWin\code\include\LISTVIEW_Private.h</File>
          <File BuildType="BUILD" Toolchain="">Generated_Source\PSoC6\pdl\middleware\emWin\code\include\LISTWHEEL.h</File>
          <File BuildType="BUILD" Toolchain="">Generated_Source\PSoC6\pdl\middleware\emWin\code\include\LISTWHEEL_Private.h</File>
          <File BuildType="BUILD" Toolchain="">Generated_Source\PSoC6\pdl\middleware\emWin\code\include\MENU.h</File>
          <File BuildType="BUILD" Toolchain="">Generated_Source\PSoC6\pdl\middleware\emWin\code\include\MENU_Private.h</File>
          <File BuildType="BUILD" Toolchain="">Generated_Source\PSoC6\pdl\middleware\emWin\code\include\MESSAGEBOX.h</File>
          <File BuildType="BUILD" Toolchain="">Generated_Source\PSoC6\pdl\middleware\emWin\code\include\MULTIEDIT.h</File>
          <File BuildType="BUILD" Toolchain="">Generated_Source\PSoC6\pdl\middleware\emWin\code\include\MULTIPAGE.h</File>
          <File BuildType="BUILD" Toolchain="">Generated_Source\PSoC6\pdl\middleware\emWin\code\include\MULTIPAGE_Private.h</File>
          <File BuildType="BUILD" Toolchain="">Generated_Source\PSoC6\pdl\middleware\emWin\code\include\PROGBAR.h</File>
          <File BuildType="BUILD" Toolchain="">Generated_Source\PSoC6\pdl\middleware\emWin\code\include\PROGBAR_Private.h</File>
          <File BuildType="BUILD" Toolchain="">Generated_Source\PSoC6\pdl\middleware\emWin\code\include\RADIO.h</File>
          <File BuildType="BUILD" Toolchain="">Generated_Source\PSoC6\pdl\middleware\emWin\code\include\RADIO_Private.h</File>
          <File BuildType="BUILD" Toolchain="">Generated_Source\PSoC6\pdl\middleware\emWin\code\include\SCROLLBAR.h</File>
          <File BuildType="BUILD" Toolchain="">Generated_Source\PSoC6\pdl\middleware\emWin\code\include\SCROLLBAR_Private.h</File>
          <File BuildType="BUILD" Toolchain="">Generated_Source\PSoC6\pdl\middleware\emWin\code\include\SEGGER.h</File>
          <File BuildType="BUILD" Toolchain="">Generated_Source\PSoC6\pdl\middleware\emWin\code\include\SLIDER.h</File>
          <File BuildType="BUILD" Toolchain="">Generated_Source\PSoC6\pdl\middleware\emWin\code\include\SLIDER_Private.h</File>
          <File BuildType="BUILD" Toolchain="">Generated_Source\PSoC6\pdl\middleware\emWin\code\include\SPINBOX.h</File>
          <File BuildType="BUILD" Toolchain="">Generated_Source\PSoC6\pdl\middleware\emWin\code\include\SPINBOX_Private.h</File>
          <File BuildType="BUILD" Toolchain="">Generated_Source\PSoC6\pdl\middleware\emWin\code\include\SWIPELIST.h</File>
          <File BuildType="BUILD" Toolchain="">Generated_Source\PSoC6\pdl\middleware\emWin\code\include\SWIPELIST_Private.h</File>
          <File BuildType="BUILD" Toolchain="">Generated_Source\PSoC6\pdl\middleware\emWin\code\include\TEXT.h</File>
          <File BuildType="BUILD" Toolchain="">Generated_Source\PSoC6\pdl\middleware\emWin\code\include\TEXT_Private.h</File>
          <File BuildType="BUILD" Toolchain="">Generated_Source\PSoC6\pdl\middleware\emWin\code\include\TREEVIEW.h</File>
          <File BuildType="BUILD" Toolchain="">Generated_Source\PSoC6\pdl\middleware\emWin\code\include\TREEVIEW_Private.h</File>
          <File BuildType="BUILD" Toolchain="">Generated_Source\PSoC6\pdl\middleware\emWin\code\include\WIDGET.h</File>
          <File BuildType="BUILD" Toolchain="">Generated_Source\PSoC6\pdl\middleware\emWin\code\include\WINDOW_Private.h</File>
          <File BuildType="BUILD" Toolchain="">Generated_Source\PSoC6\pdl\middleware\emWin\code\include\WM.h</File>
          <File BuildType="BUILD" Toolchain="">Generated_Source\PSoC6\pdl\middleware\emWin\code\include\WM_GUI.h</File>
          <File BuildType="BUILD" Toolchain="">Generated_Source\PSoC6\pdl\middleware\emWin\code\include\WM_Intern.h</File>
        </Files>
      </Folder>
      <Folder BuildType="STRICT" Path="D:\Microprocess2\Lab12\Lab12\Lab12.cydsn\Generated_Source\PSoC6\pdl\middleware\emWin\code\drivers\FlexColor">
        <Files Root="D:\Microprocess2\Lab12\Lab12\Lab12.cydsn">
          <File BuildType="BUILD" Toolchain="">Generated_Source\PSoC6\pdl\middleware\emWin\code\drivers\FlexColor\GUIDRV_FlexColor.h</File>
        </Files>
      </Folder>
      <Folder BuildType="STRICT" Path="D:\Microprocess2\Lab12\Lab12\Lab12.cydsn\Generated_Source\PSoC6\pdl\middleware\emWin\libs\GCC">
        <Files Root="D:\Microprocess2\Lab12\Lab12\Lab12.cydsn">
          <File BuildType="BUILD" Toolchain="ARM GCC Generic">Generated_Source\PSoC6\pdl\middleware\emWin\libs\GCC\libemWin_nosnts_gcc.a</File>
        </Files>
      </Folder>
      <Folder BuildType="STRICT" Path="D:\Microprocess2\Lab12\Lab12\Lab12.cydsn\Generated_Source\PSoC6\pdl\middleware\emWin\libs\IAR">
        <Files Root="D:\Microprocess2\Lab12\Lab12\Lab12.cydsn">
          <File BuildType="BUILD" Toolchain="ARM IAR Generic">Generated_Source\PSoC6\pdl\middleware\emWin\libs\IAR\libemWin_nosnts_iar.a</File>
        </Files>
      </Folder>
      <Folder BuildType="STRICT" Path="D:\Microprocess2\Lab12\Lab12\Lab12.cydsn\Generated_Source\PSoC6\pdl\middleware\emWin\libs\MDK">
        <Files Root="D:\Microprocess2\Lab12\Lab12\Lab12.cydsn">
          <File BuildType="BUILD" Toolchain="ARM MDK Generic">Generated_Source\PSoC6\pdl\middleware\emWin\libs\MDK\libemWin_nosnts_mdk.a</File>
        </Files>
      </Folder>
      <Folder BuildType="STRICT" Path="D:\Microprocess2\Lab12\Lab12\Lab12.cydsn\Generated_Source\PSoC6\pdl\devices\psoc6\include">
        <Files Root="D:\Microprocess2\Lab12\Lab12\Lab12.cydsn">
          <File BuildType="BUILD" Toolchain="">Generated_Source\PSoC6\pdl\devices\psoc6\include\cy8c6347bzi_bld53.h</File>
          <File BuildType="BUILD" Toolchain="">Generated_Source\PSoC6\pdl\devices\psoc6\include\psoc6_01_config.h</File>
          <File BuildType="BUILD" Toolchain="">Generated_Source\PSoC6\pdl\devices\psoc6\include\cy_device_headers.h</File>
          <File BuildType="BUILD" Toolchain="">Generated_Source\PSoC6\pdl\devices\psoc6\include\gpio_psoc6_01_116_bga_ble.h</File>
        </Files>
      </Folder>
      <Folder BuildType="STRICT" Path="D:\Microprocess2\Lab12\Lab12\Lab12.cydsn\Generated_Source\PSoC6\pdl\devices\psoc6\include\ip">
        <Files Root="D:\Microprocess2\Lab12\Lab12\Lab12.cydsn">
          <File BuildType="BUILD" Toolchain="">Generated_Source\PSoC6\pdl\devices\psoc6\include\ip\cyip_backup.h</File>
          <File BuildType="BUILD" Toolchain="">Generated_Source\PSoC6\pdl\devices\psoc6\include\ip\cyip_ble.h</File>
          <File BuildType="BUILD" Toolchain="">Generated_Source\PSoC6\pdl\devices\psoc6\include\ip\cyip_cpuss.h</File>
          <File BuildType="BUILD" Toolchain="">Generated_Source\PSoC6\pdl\devices\psoc6\include\ip\cyip_cpuss_v2.h</File>
          <File BuildType="BUILD" Toolchain="">Generated_Source\PSoC6\pdl\devices\psoc6\include\ip\cyip_crypto.h</File>
          <File BuildType="BUILD" Toolchain="">Generated_Source\PSoC6\pdl\devices\psoc6\include\ip\cyip_crypto_v2.h</File>
          <File BuildType="BUILD" Toolchain="">Generated_Source\PSoC6\pdl\devices\psoc6\include\ip\cyip_csd.h</File>
          <File BuildType="BUILD" Toolchain="">Generated_Source\PSoC6\pdl\devices\psoc6\include\ip\cyip_ctbm.h</File>
          <File BuildType="BUILD" Toolchain="">Generated_Source\PSoC6\pdl\devices\psoc6\include\ip\cyip_ctdac.h</File>
          <File BuildType="BUILD" Toolchain="">Generated_Source\PSoC6\pdl\devices\psoc6\include\ip\cyip_dmac_v2.h</File>
          <File BuildType="BUILD" Toolchain="">Generated_Source\PSoC6\pdl\devices\psoc6\include\ip\cyip_dw.h</File>
          <File BuildType="BUILD" Toolchain="">Generated_Source\PSoC6\pdl\devices\psoc6\include\ip\cyip_dw_v2.h</File>
          <File BuildType="BUILD" Toolchain="">Generated_Source\PSoC6\pdl\devices\psoc6\include\ip\cyip_efuse.h</File>
          <File BuildType="BUILD" Toolchain="">Generated_Source\PSoC6\pdl\devices\psoc6\include\ip\cyip_efuse_data_psoc6_01.h</File>
          <File BuildType="BUILD" Toolchain="">Generated_Source\PSoC6\pdl\devices\psoc6\include\ip\cyip_fault.h</File>
          <File BuildType="BUILD" Toolchain="">Generated_Source\PSoC6\pdl\devices\psoc6\include\ip\cyip_fault_v2.h</File>
          <File BuildType="BUILD" Toolchain="">Generated_Source\PSoC6\pdl\devices\psoc6\include\ip\cyip_flashc.h</File>
          <File BuildType="BUILD" Toolchain="">Generated_Source\PSoC6\pdl\devices\psoc6\include\ip\cyip_flashc_v2.h</File>
          <File BuildType="BUILD" Toolchain="">Generated_Source\PSoC6\pdl\devices\psoc6\include\ip\cyip_gpio.h</File>
          <File BuildType="BUILD" Toolchain="">Generated_Source\PSoC6\pdl\devices\psoc6\include\ip\cyip_gpio_v2.h</File>
          <File BuildType="BUILD" Toolchain="">Generated_Source\PSoC6\pdl\devices\psoc6\include\ip\cyip_headers.h</File>
          <File BuildType="BUILD" Toolchain="">Generated_Source\PSoC6\pdl\devices\psoc6\include\ip\cyip_hsiom.h</File>
          <File BuildType="BUILD" Toolchain="">Generated_Source\PSoC6\pdl\devices\psoc6\include\ip\cyip_hsiom_v2.h</File>
          <File BuildType="BUILD" Toolchain="">Generated_Source\PSoC6\pdl\devices\psoc6\include\ip\cyip_i2s.h</File>
          <File BuildType="BUILD" Toolchain="">Generated_Source\PSoC6\pdl\devices\psoc6\include\ip\cyip_ipc.h</File>
          <File BuildType="BUILD" Toolchain="">Generated_Source\PSoC6\pdl\devices\psoc6\include\ip\cyip_ipc_v2.h</File>
          <File BuildType="BUILD" Toolchain="">Generated_Source\PSoC6\pdl\devices\psoc6\include\ip\cyip_lcd.h</File>
          <File BuildType="BUILD" Toolchain="">Generated_Source\PSoC6\pdl\devices\psoc6\include\ip\cyip_lpcomp.h</File>
          <File BuildType="BUILD" Toolchain="">Generated_Source\PSoC6\pdl\devices\psoc6\include\ip\cyip_pass.h</File>
          <File BuildType="BUILD" Toolchain="">Generated_Source\PSoC6\pdl\devices\psoc6\include\ip\cyip_pdm.h</File>
          <File BuildType="BUILD" Toolchain="">Generated_Source\PSoC6\pdl\devices\psoc6\include\ip\cyip_peri.h</File>
          <File BuildType="BUILD" Toolchain="">Generated_Source\PSoC6\pdl\devices\psoc6\include\ip\cyip_peri_ms_v2.h</File>
          <File BuildType="BUILD" Toolchain="">Generated_Source\PSoC6\pdl\devices\psoc6\include\ip\cyip_peri_v2.h</File>
          <File BuildType="BUILD" Toolchain="">Generated_Source\PSoC6\pdl\devices\psoc6\include\ip\cyip_profile.h</File>
          <File BuildType="BUILD" Toolchain="">Generated_Source\PSoC6\pdl\devices\psoc6\include\ip\cyip_prot.h</File>
          <File BuildType="BUILD" Toolchain="">Generated_Source\PSoC6\pdl\devices\psoc6\include\ip\cyip_prot_v2.h</File>
          <File BuildType="BUILD" Toolchain="">Generated_Source\PSoC6\pdl\devices\psoc6\include\ip\cyip_sar.h</File>
          <File BuildType="BUILD" Toolchain="">Generated_Source\PSoC6\pdl\devices\psoc6\include\ip\cyip_scb.h</File>
          <File BuildType="BUILD" Toolchain="">Generated_Source\PSoC6\pdl\devices\psoc6\include\ip\cyip_sdhc.h</File>
          <File BuildType="BUILD" Toolchain="">Generated_Source\PSoC6\pdl\devices\psoc6\include\ip\cyip_sflash.h</File>
          <File BuildType="BUILD" Toolchain="">Generated_Source\PSoC6\pdl\devices\psoc6\include\ip\cyip_smartio.h</File>
          <File BuildType="BUILD" Toolchain="">Generated_Source\PSoC6\pdl\devices\psoc6\include\ip\cyip_smartio_v2.h</File>
          <File BuildType="BUILD" Toolchain="">Generated_Source\PSoC6\pdl\devices\psoc6\include\ip\cyip_smif.h</File>
          <File BuildType="BUILD" Toolchain="">Generated_Source\PSoC6\pdl\devices\psoc6\include\ip\cyip_srss.h</File>
          <File BuildType="BUILD" Toolchain="">Generated_Source\PSoC6\pdl\devices\psoc6\include\ip\cyip_tcpwm.h</File>
          <File BuildType="BUILD" Toolchain="">Generated_Source\PSoC6\pdl\devices\psoc6\include\ip\cyip_udb.h</File>
          <File BuildType="BUILD" Toolchain="">Generated_Source\PSoC6\pdl\devices\psoc6\include\ip\cyip_usbfs.h</File>
        </Files>
      </Folder>
      <Folder BuildType="EXCLUDE" Path=".\codegentemp">
        <Files Root="D:\Microprocess2\Lab12\Lab12\Lab12.cydsn" />
      </Folder>
      <Folder BuildType="EXCLUDE" Path=".\ARM_GCC_441">
        <Files Root="D:\Microprocess2\Lab12\Lab12\Lab12.cydsn" />
      </Folder>
      <Folder BuildType="EXCLUDE" Path=".\ARM_GCC_473">
        <Files Root="D:\Microprocess2\Lab12\Lab12\Lab12.cydsn" />
      </Folder>
      <Folder BuildType="EXCLUDE" Path=".\DP8051_Keil_952">
        <Files Root="D:\Microprocess2\Lab12\Lab12\Lab12.cydsn" />
      </Folder>
      <Folder BuildType="EXCLUDE" Path=".\DP8051">
        <Files Root="D:\Microprocess2\Lab12\Lab12\Lab12.cydsn" />
      </Folder>
      <Folder BuildType="EXCLUDE" Path=".\CortexM0">
        <Files Root="D:\Microprocess2\Lab12\Lab12\Lab12.cydsn" />
      </Folder>
      <Folder BuildType="EXCLUDE" Path=".\CortexM0p">
        <Files Root="D:\Microprocess2\Lab12\Lab12\Lab12.cydsn" />
      </Folder>
      <Folder BuildType="EXCLUDE" Path=".\CortexM3">
        <Files Root="D:\Microprocess2\Lab12\Lab12\Lab12.cydsn" />
      </Folder>
      <Folder BuildType="EXCLUDE" Path=".\CortexM4">
        <Files Root="D:\Microprocess2\Lab12\Lab12\Lab12.cydsn" />
      </Folder>
      <Folder BuildType="EXCLUDE" Path=".\CortexM7">
        <Files Root="D:\Microprocess2\Lab12\Lab12\Lab12.cydsn" />
      </Folder>
    </Folders>
  </Project>
</PSoCCreatorIdeExport>